id,model_conf,1_train,2_train,3_train,4_train,5_train,6_train,7_train,8_train,9_train,10_train,1_test,2_test,3_test,4_test,5_test,6_test,7_test,8_test,9_test,10_test
70951282938616,"Linear(in_features=90, out_features=256, bias=True)
LeakyReLU(negative_slope=0.01)
Linear(in_features=256, out_features=192, bias=True)
LeakyReLU(negative_slope=0.01)
Linear(in_features=192, out_features=1, bias=True)
Adam (
Parameter Group 0
    amsgrad: False
    betas: (0.9, 0.999)
    capturable: False
    eps: 1e-08
    foreach: None
    lr: 5e-05
    maximize: False
    weight_decay: 0.001
)
256",10.49649113393773,9.70343788912979,9.492674420501372,9.398000493084734,9.339971045894005,9.298695633987888,9.267364792492199,9.240942660330306,9.220061735915305,9.203170767984561,9.925776730778074,9.593804396153118,9.463006984626102,9.402128686335566,9.345367496272127,9.31839372116438,9.282777539904915,9.260501858680005,9.249763078921998,9.229152107437946
71125282332435,"Linear(in_features=90, out_features=256, bias=True)
LeakyReLU(negative_slope=0.01)
Linear(in_features=256, out_features=192, bias=True)
LeakyReLU(negative_slope=0.01)
Linear(in_features=192, out_features=1, bias=True)
Adam (
Parameter Group 0
    amsgrad: False
    betas: (0.9, 0.999)
    capturable: False
    eps: 1e-08
    foreach: None
    lr: 0.0001
    maximize: False
    weight_decay: 0.003
)
256",10.236212168407022,9.570950989573566,9.444985344274423,9.37934635431996,9.330175145213664,9.29433139493753,9.269890873783263,9.244749387892833,9.225348640176518,9.214769615172333,9.706120464873578,9.561137483267293,9.643651791707228,9.362314541381764,9.316783784481975,9.291061312935804,9.265855925143846,9.350452261865238,9.374122699900056,9.237381759470601
71099105786831,"Linear(in_features=90, out_features=256, bias=True)
LeakyReLU(negative_slope=0.01)
Linear(in_features=256, out_features=192, bias=True)
LeakyReLU(negative_slope=0.01)
Linear(in_features=192, out_features=1, bias=True)
Adam (
Parameter Group 0
    amsgrad: False
    betas: (0.9, 0.999)
    capturable: False
    eps: 1e-08
    foreach: None
    lr: 0.0001
    maximize: False
    weight_decay: 0.006
)
256",10.324606103847863,9.658257940628193,9.531850850560321,9.468294540947534,9.427409061052789,9.397725323672027,9.376284931588534,9.355249468901466,9.339395928780243,9.332638628723638,9.768149649451859,9.630534296267806,9.669394477120209,9.448396271283599,9.411101034958444,9.394302007518675,9.371198209814764,9.42325608951361,9.46099668296881,9.331527518109294
71098987235349,"Linear(in_features=90, out_features=256, bias=True)
LeakyReLU(negative_slope=0.01)
Linear(in_features=256, out_features=192, bias=True)
LeakyReLU(negative_slope=0.01)
Linear(in_features=192, out_features=1, bias=True)
Adam (
Parameter Group 0
    amsgrad: False
    betas: (0.9, 0.999)
    capturable: False
    eps: 1e-08
    foreach: None
    lr: 0.0001
    maximize: False
    weight_decay: 0.01
)
256",10.441254460667915,9.743384402308187,9.60687885561804,9.54702950835417,9.512765699990334,9.488392341038693,9.470615223269396,9.452814631332192,9.439802117588139,9.434704310790634,9.864629131616807,9.683614606391119,9.70553295861564,9.527603982349506,9.499746665644084,9.495312004090001,9.463055237082358,9.50052587760661,9.518132807658569,9.435971915857705
70924265845710,"Linear(in_features=90, out_features=192, bias=True)
LeakyReLU(negative_slope=0.01)
Linear(in_features=192, out_features=128, bias=True)
LeakyReLU(negative_slope=0.01)
Linear(in_features=128, out_features=1, bias=True)
Adam (
Parameter Group 0
    amsgrad: False
    betas: (0.9, 0.999)
    capturable: False
    eps: 1e-08
    foreach: None
    lr: 0.0001
    maximize: False
    weight_decay: 0
)
256",10.193660022590757,9.483865738993634,9.338246346612937,9.261266073257477,9.221871855085153,9.18280692732377,9.15162084319685,9.122189453121107,9.11431843420928,9.094663383007287,9.650216733999025,9.415501137320884,9.329069903141297,9.295651164822175,9.32146688097976,9.262001597185282,9.248088588277845,9.230109983900665,9.186394562652481,9.17308927386979
71099105617517,"Linear(in_features=90, out_features=192, bias=True)
ReLU()
Linear(in_features=192, out_features=128, bias=True)
ReLU()
Linear(in_features=128, out_features=1, bias=True)
Adam (
Parameter Group 0
    amsgrad: False
    betas: (0.9, 0.999)
    capturable: False
    eps: 1e-08
    foreach: None
    lr: 0.0001
    maximize: False
    weight_decay: 0
)
256",10.256493197419912,9.499498230700384,9.337413013652178,9.258576976911492,9.215322562238628,9.172666738847434,9.139381672873347,9.108569871312529,9.100779707867941,9.081914953652207,9.67865177605909,9.411719840106926,9.315557259208745,9.28581809670931,9.303190937142402,9.223737399373674,9.213048828252582,9.186577791574214,9.153170790339045,9.151430441612703
71125110106230,"Linear(in_features=90, out_features=192, bias=True)
ReLU()
Linear(in_features=192, out_features=128, bias=True)
ReLU()
Linear(in_features=128, out_features=1, bias=True)
Adam (
Parameter Group 0
    amsgrad: False
    betas: (0.9, 0.999)
    capturable: False
    eps: 1e-08
    foreach: None
    lr: 0.0003
    maximize: False
    weight_decay: 0.001
)
256",9.943715559481852,9.438106108956736,9.338520863965424,9.267478250970425,9.231557557588367,9.205316046107328,9.177042062921526,9.153239908722332,9.146254387588836,9.124971142018287,9.519912932058311,9.412074560866435,9.34834806353631,9.281393868118741,9.213644159233155,9.195622518881477,9.158941523283264,9.179341227256138,9.172391569434726,9.140670795927665
71099105553022,"Linear(in_features=90, out_features=128, bias=True)
ReLU()
Linear(in_features=128, out_features=128, bias=True)
LeakyReLU(negative_slope=0.01)
Linear(in_features=128, out_features=1, bias=True)
Adam (
Parameter Group 0
    amsgrad: False
    betas: (0.9, 0.999)
    capturable: False
    eps: 1e-08
    foreach: None
    lr: 0.0003
    maximize: False
    weight_decay: 0.002
)
256",10.00324213693698,9.467664650775317,9.381231460415071,9.31006560803855,9.27952962795066,9.244434442806725,9.21554491477354,9.185039581515975,9.177347879164559,9.177469162365421,9.552907831234638,9.55680649928814,9.622759130208271,9.28478197302023,9.265650526174644,9.214180152733737,9.202555875197397,9.194665946539198,9.325287953867118,9.192560444089832
71112517147060,"Linear(in_features=90, out_features=128, bias=True)
ReLU()
Linear(in_features=128, out_features=128, bias=True)
LeakyReLU(negative_slope=0.01)
Linear(in_features=128, out_features=1, bias=True)
Adam (
Parameter Group 0
    amsgrad: False
    betas: (0.9, 0.999)
    capturable: False
    eps: 1e-08
    foreach: None
    lr: 0.0003
    maximize: False
    weight_decay: 0.005
)
256",10.095356075931129,9.53318105340848,9.451705476898505,9.387073919983457,9.370548757835957,9.342248040181149,9.325836336511875,9.30213785988761,9.297856432485151,9.298144643102253,9.641942089811211,9.558289284227707,9.561697602996004,9.357848580937135,9.338310900574685,9.321836599124321,9.309074476504628,9.306957236971309,9.312109164767048,9.322120897380104
70578004471831,"Linear(in_features=90, out_features=128, bias=True)
ReLU()
Linear(in_features=128, out_features=128, bias=True)
LeakyReLU(negative_slope=0.01)
Linear(in_features=128, out_features=1, bias=True)
Adam (
Parameter Group 0
    amsgrad: False
    betas: (0.9, 0.999)
    capturable: False
    eps: 1e-08
    foreach: None
    lr: 0.0001
    maximize: False
    weight_decay: 0.001
)
256",10.438097185084196,9.65496112415746,9.484736891447135,9.396030619161063,9.343273078846495,9.296224977815498,9.270241682181453,9.242904709531341,9.21375892183182,9.191539969846023,9.835821763171303,9.588503798627292,9.519740788160314,9.394214631449238,9.371783107831822,9.344452003723688,9.272530413552552,9.255340149980972,9.24224352046858,9.29761321402321
70725324740864,"Linear(in_features=90, out_features=128, bias=True)
ReLU()
Linear(in_features=128, out_features=128, bias=True)
LeakyReLU(negative_slope=0.01)
Linear(in_features=128, out_features=1, bias=True)
Adam (
Parameter Group 0
    amsgrad: False
    betas: (0.9, 0.999)
    capturable: False
    eps: 1e-08
    foreach: None
    lr: 0.0005
    maximize: False
    weight_decay: 0.001
)
256",9.852462339977688,9.404228972303175,9.33769796396818,9.260484905114293,9.23613828063166,9.213487012720211,9.184534234845717,9.162503076203189,9.153815677896315,9.14489875439211,9.446458348310692,9.331054122389801,9.501267922136613,9.314433759450226,9.268620008415095,9.269280545417637,9.270881353256966,9.21172514600662,9.87822002277572,9.316165631393712
70620879643356,"Linear(in_features=90, out_features=128, bias=True)
ReLU()
Linear(in_features=128, out_features=128, bias=True)
LeakyReLU(negative_slope=0.01)
Linear(in_features=128, out_features=1, bias=True)
Adam (
Parameter Group 0
    amsgrad: False
    betas: (0.9, 0.999)
    capturable: False
    eps: 1e-08
    foreach: None
    lr: 0.0007
    maximize: False
    weight_decay: 0.003
)
256",9.88805895943056,9.456005814047334,9.398026575493521,9.332892932209315,9.327335422956933,9.30969393371333,9.283999500756607,9.262310021669194,9.249380319573042,9.246390623465782,9.48209017901543,9.378762108363121,9.52676673702743,9.285357090133992,9.336423186238695,9.396492929856821,9.498544918659203,9.311798784102477,9.871709201482156,9.3167746556389
69477489661533,"Linear(in_features=90, out_features=128, bias=True)
ReLU()
Linear(in_features=128, out_features=128, bias=True)
LeakyReLU(negative_slope=0.01)
Linear(in_features=128, out_features=1, bias=True)
Adam (
Parameter Group 0
    amsgrad: False
    betas: (0.9, 0.999)
    capturable: False
    eps: 1e-08
    foreach: None
    lr: 5e-05
    maximize: False
    weight_decay: 0
)
256",10.674980881992793,9.872950724140438,9.592780661608211,9.457457952156574,9.37506883927882,9.315462710476892,9.275239723765345,9.245873539711571,9.219038001370398,9.196689941461102,10.18821792799726,9.758452209864691,9.573122350105121,9.450276160896953,9.389240716093473,9.35532510788695,9.31280621714189,9.278912126922616,9.266572539325281,9.307154811217874
49879066044985,"Linear(in_features=90, out_features=128, bias=True)
ReLU()
Dropout(p=0.5, inplace=False)
Linear(in_features=128, out_features=128, bias=True)
LeakyReLU(negative_slope=0.01)
Dropout(p=0.2, inplace=False)
Linear(in_features=128, out_features=1, bias=True)
Adam (
Parameter Group 0
    amsgrad: False
    betas: (0.9, 0.999)
    capturable: False
    eps: 1e-08
    foreach: None
    lr: 5e-05
    maximize: False
    weight_decay: 0
)
256",10.860757403002848,10.25118412311123,9.852211296793108,9.70204508850054,9.621341551290675,9.56089426480535,9.514335208939118,9.476168820160462,9.449380882215324,9.419335251412637,10.626602578113637,9.975583698598562,9.804970185937083,9.677028798172291,9.62632981197127,9.587753929374653,9.547947609143487,9.545724083794358,9.490021839527689,9.44812436217199
53480639769777,"Linear(in_features=90, out_features=128, bias=True)
ReLU()
Dropout(p=0.3, inplace=False)
Linear(in_features=128, out_features=128, bias=True)
LeakyReLU(negative_slope=0.01)
Linear(in_features=128, out_features=1, bias=True)
Adam (
Parameter Group 0
    amsgrad: False
    betas: (0.9, 0.999)
    capturable: False
    eps: 1e-08
    foreach: None
    lr: 5e-05
    maximize: False
    weight_decay: 0
)
256",10.798485652022842,10.085832084362396,9.739866537422984,9.584778578592227,9.494268707738504,9.438147188750577,9.387158035751797,9.355309458441678,9.328261348468887,9.304346387851686,10.459587133744385,9.879885384576799,9.685287140854612,9.572166429823062,9.4961864168446,9.472038018668751,9.427888977374478,9.41684112107234,9.369905826459346,9.365840883049826
53644625591380,"Linear(in_features=90, out_features=128, bias=True)
ReLU()
Dropout(p=0.3, inplace=False)
Linear(in_features=128, out_features=128, bias=True)
LeakyReLU(negative_slope=0.01)
Linear(in_features=128, out_features=1, bias=True)
Adam (
Parameter Group 0
    amsgrad: False
    betas: (0.9, 0.999)
    capturable: False
    eps: 1e-08
    foreach: None
    lr: 0.0005
    maximize: False
    weight_decay: 0
)
256",9.987281658939727,9.570762544170078,9.586126387066317,9.564015677076988,9.584498192697762,9.545638011845359,9.562242725339662,9.53667022764402,9.571725637114554,9.558988292783209,9.562528327715883,9.54486923284635,9.677088135652282,9.511762831372456,9.605887072023899,9.599170851761134,9.615436493941198,9.516823470737439,9.524322815324046,9.61549974378251
90167501605092,"Linear(in_features=90, out_features=128, bias=True)
ReLU()
Dropout(p=0.3, inplace=False)
Linear(in_features=128, out_features=128, bias=True)
LeakyReLU(negative_slope=0.01)
Linear(in_features=128, out_features=1, bias=True)
Adam (
Parameter Group 0
    amsgrad: False
    betas: (0.9, 0.999)
    capturable: False
    eps: 1e-08
    foreach: None
    lr: 0.0001
    maximize: False
    weight_decay: 0
)
256",10.4860033973643,9.705221273830631,9.523771824438413,9.427658800116928,9.37708370535765,9.33252973466695,9.296522969335895,9.27085331466752,9.24834941236572,9.230363635326123,9.906079295661801,9.630221307362357,9.52286285249217,9.450870187757088,9.386041708655695,9.386893299302605,9.346612279231508,9.299117516950025,9.288554141391113,9.306759010664523
90167501593270,"Linear(in_features=90, out_features=128, bias=True)
ReLU()
Linear(in_features=128, out_features=128, bias=True)
LeakyReLU(negative_slope=0.01)
Linear(in_features=128, out_features=1, bias=True)
Adam (
Parameter Group 0
    amsgrad: False
    betas: (0.9, 0.999)
    capturable: False
    eps: 1e-08
    foreach: None
    lr: 0.0002
    maximize: False
    weight_decay: 0
)
256",10.047050802796576,9.433488218480921,9.318418499452727,9.244722653423826,9.2118105658954,9.166629313273361,9.141830811058487,9.109195849123427,9.099027622057644,9.097879344010778,9.734297291086646,9.378414560266028,9.43543918265822,9.236592114544562,9.19358222245408,9.161204824305795,9.147294423639234,9.145221524200855,9.216950756607183,9.21216072223337
83684739315404,"Linear(in_features=90, out_features=96, bias=True)
ReLU()
Linear(in_features=96, out_features=96, bias=True)
LeakyReLU(negative_slope=0.01)
Linear(in_features=96, out_features=1, bias=True)
Adam (
Parameter Group 0
    amsgrad: False
    betas: (0.9, 0.999)
    capturable: False
    eps: 1e-08
    foreach: None
    lr: 0.0002
    maximize: False
    weight_decay: 0
)
256",10.176890989921095,9.515480226684886,9.358025941316889,9.287763192344634,9.229149499197067,9.200018708882599,9.170668174274097,9.151598673149381,9.135604940080926,9.121572604153284,9.707249181113854,9.442797030177156,9.432129977043315,9.30736868696993,9.269928693276004,9.369118137713967,9.20759238833425,9.191876432919381,9.190040231340745,9.142742391245609
77822545657013,"Linear(in_features=90, out_features=128, bias=True)
ReLU()
Linear(in_features=128, out_features=128, bias=True)
LeakyReLU(negative_slope=0.01)
Dropout(p=0.2, inplace=False)
Linear(in_features=128, out_features=1, bias=True)
Adam (
Parameter Group 0
    amsgrad: False
    betas: (0.9, 0.999)
    capturable: False
    eps: 1e-08
    foreach: None
    lr: 0.0002
    maximize: False
    weight_decay: 0
)
256",10.07490746744178,9.445061635320126,9.330117111854113,9.258858014866178,9.227934711007793,9.180910084144703,9.153342282176823,9.122036871029701,9.111674330018452,9.111866035723041,9.767951423145075,9.387610565544259,9.406942194877287,9.286458419845042,9.205093693572413,9.172523285599103,9.15901390196765,9.16057363001314,9.232600853939864,9.321045650077842
77984096514400,"Linear(in_features=90, out_features=128, bias=True)
ReLU()
Linear(in_features=128, out_features=128, bias=True)
LeakyReLU(negative_slope=0.01)
Dropout(p=0.25, inplace=False)
Linear(in_features=128, out_features=1, bias=True)
Adam (
Parameter Group 0
    amsgrad: False
    betas: (0.9, 0.999)
    capturable: False
    eps: 1e-08
    foreach: None
    lr: 0.0002
    maximize: False
    weight_decay: 0
)
256",10.068643776971475,9.468070884292182,9.338579549385196,9.283325922549672,9.229618330495022,9.182656301413022,9.15398716973409,9.131721921472696,9.11475140219515,9.113116687224398,9.72210115673764,9.596592605652496,9.326457749901236,9.20373414801437,9.32793923072036,9.153354671320995,9.185293885001652,9.139591636264086,9.100688419437185,9.22252195912418
77997243504870,"Linear(in_features=90, out_features=128, bias=True)
ReLU()
Linear(in_features=128, out_features=128, bias=True)
LeakyReLU(negative_slope=0.01)
Dropout(p=0.25, inplace=False)
Linear(in_features=128, out_features=1, bias=True)
Adam (
Parameter Group 0
    amsgrad: False
    betas: (0.9, 0.999)
    capturable: False
    eps: 1e-08
    foreach: None
    lr: 0.0002
    maximize: False
    weight_decay: 0.0005
)
256",10.107127067016899,9.481434206434425,9.366502072112587,9.294272057457539,9.260432088236499,9.214204278961866,9.186370436424353,9.153344890417701,9.141648234196975,9.13947817778586,9.785174941787858,9.417457317979942,9.415558518620216,9.295152990814334,9.236064597826836,9.199740931229012,9.188815662248174,9.157825848247382,9.230439926371826,9.271676866724983
77997143013052,"Linear(in_features=90, out_features=128, bias=True)
ReLU()
Linear(in_features=128, out_features=128, bias=True)
LeakyReLU(negative_slope=0.01)
Dropout(p=0.25, inplace=False)
Linear(in_features=128, out_features=1, bias=True)
Adam (
Parameter Group 0
    amsgrad: False
    betas: (0.9, 0.999)
    capturable: False
    eps: 1e-08
    foreach: None
    lr: 0.0003
    maximize: False
    weight_decay: 0.001
)
256",9.990102471450088,9.451886097579358,9.362665349779954,9.292116998431476,9.261500814936564,9.225124983521166,9.198508537413806,9.167261811686457,9.161320891024898,9.163197520337155,9.534908360930428,9.496039703295171,9.606136159027818,9.285138649960398,9.241937704225547,9.206816436672824,9.195231934809884,9.174920258966669,9.362918349145193,9.174245376639293
77937251155028,"Linear(in_features=90, out_features=128, bias=True)
ReLU()
Linear(in_features=128, out_features=128, bias=True)
LeakyReLU(negative_slope=0.01)
Dropout(p=0.25, inplace=False)
Linear(in_features=128, out_features=1, bias=True)
Adam (
Parameter Group 0
    amsgrad: False
    betas: (0.9, 0.999)
    capturable: False
    eps: 1e-08
    foreach: None
    initial_lr: 0.0005
    lr: 0.000245
    maximize: False
    weight_decay: 0.001
)
256",9.904393719993912,9.426048863434524,9.353417179684149,9.274405086684148,9.255169310203414,9.198350738840642,9.176243289152412,9.151401098902816,9.149905272758858,9.154949610618347,9.48908613311244,9.503216930133252,9.497807438550739,9.335059728319331,9.28976501721907,9.179583793657862,9.172294412461993,9.17611874565045,9.377632740062625,9.193073615482724
77919642821390,"Linear(in_features=90, out_features=128, bias=True)
ReLU()
Dropout(p=0.1, inplace=False)
Linear(in_features=128, out_features=128, bias=True)
LeakyReLU(negative_slope=0.01)
Dropout(p=0.5, inplace=False)
Linear(in_features=128, out_features=1, bias=True)
Adam (
Parameter Group 0
    amsgrad: False
    betas: (0.9, 0.999)
    capturable: False
    eps: 1e-08
    foreach: None
    initial_lr: 0.0007
    lr: 0.0005057499999999999
    maximize: False
    weight_decay: 0.001
)
256",9.933573414824858,9.500656289650546,9.435143799378704,9.367228467197316,9.365508984398005,9.319656761809911,9.29337351847481,9.281234765425138,9.270121703101031,9.269002115703831,9.538428834056512,9.45684762379095,9.538611410918024,9.415767829950736,9.3632763302058,9.297817960932191,9.29053379621808,9.283818880075753,9.47949432728086,9.307712322705704
77997243614405,"Linear(in_features=90, out_features=128, bias=True)
ReLU()
Linear(in_features=128, out_features=128, bias=True)
LeakyReLU(negative_slope=0.01)
Dropout(p=0.4, inplace=False)
Linear(in_features=128, out_features=1, bias=True)
Adam (
Parameter Group 0
    amsgrad: False
    betas: (0.9, 0.999)
    capturable: False
    eps: 1e-08
    foreach: None
    initial_lr: 0.0005
    lr: 0.00043245
    maximize: False
    weight_decay: 0.002
)
256",9.953711642649637,9.486268580903177,9.415192712836973,9.341319506428317,9.316662501281114,9.282866872155012,9.257878620416209,9.233304426916906,9.225071514583151,9.224860247071973,9.543960912960328,9.480654994471902,9.498647292113695,9.344866061963188,9.326856810755682,9.239767647814432,9.300633556960793,9.217611293609725,9.631327201494944,9.316622073547492
72545300157734,"Linear(in_features=90, out_features=192, bias=True)
ReLU()
Linear(in_features=192, out_features=128, bias=True)
LeakyReLU(negative_slope=0.01)
Dropout(p=0.4, inplace=False)
Linear(in_features=128, out_features=1, bias=True)
Adam (
Parameter Group 0
    amsgrad: False
    betas: (0.9, 0.999)
    capturable: False
    eps: 1e-08
    foreach: None
    initial_lr: 0.0004
    lr: 0.00037200000000000004
    maximize: False
    weight_decay: 0.001
)
256",9.94579628364287,9.446498776044313,9.357986165643489,9.285027799723052,9.262084408833182,9.241717959931513,9.218329211911598,9.189326225400189,9.18920102983801,9.173736117607719,9.539880972165752,9.389783882256472,9.362056977594987,9.288095090996453,9.2388391140616,9.236618849013569,9.176378917678106,9.180168039614701,9.20811273238956,9.205675983348593
46022132838296,"Linear(in_features=90, out_features=192, bias=True)
ReLU()
Linear(in_features=192, out_features=128, bias=True)
LeakyReLU(negative_slope=0.01)
Dropout(p=0.4, inplace=False)
Linear(in_features=128, out_features=1, bias=True)
Adam (
Parameter Group 0
    amsgrad: False
    betas: (0.9, 0.999)
    capturable: False
    eps: 1e-08
    foreach: None
    initial_lr: 0.0004
    lr: 0.00037200000000000004
    maximize: False
    weight_decay: 0.001
)
256",9.94579628364287,9.446498776044313,9.357986165643489,9.285027799723052,9.262084408833182,9.241717959931513,9.218329211911598,9.189326225400189,9.18920102983801,9.173736117607719,9.539880972165752,9.389783882256472,9.362056977594987,9.288095090996453,9.2388391140616,9.236618849013569,9.176378917678106,9.180168039614701,9.20811273238956,9.205675983348593
71776966212789,"Linear(in_features=90, out_features=192, bias=True)
ReLU()
Linear(in_features=192, out_features=128, bias=True)
LeakyReLU(negative_slope=0.01)
Dropout(p=0.4, inplace=False)
Linear(in_features=128, out_features=1, bias=True)
Adam (
Parameter Group 0
    amsgrad: False
    betas: (0.9, 0.999)
    capturable: False
    eps: 1e-08
    foreach: None
    initial_lr: 0.0004
    lr: 0.00037200000000000004
    maximize: False
    weight_decay: 0.001
)
256",9.09766612031894,8.77527776680293,8.690514502665298,8.638750050065314,8.598412952815323,8.568973085956724,8.544734703470558,8.514053966013897,8.497201469636115,8.474615407746635,9.014761227807414,8.9502666035385,8.909799094244573,8.925913458453671,8.923576474626316,8.9050931756391,8.90089847224586,8.86797334351304,8.893063968706334,8.90459434957104
84551934384564,"Linear(in_features=90, out_features=128, bias=True)
ReLU()
Dropout(p=0.5, inplace=False)
Linear(in_features=128, out_features=128, bias=True)
LeakyReLU(negative_slope=0.01)
Dropout(p=0.2, inplace=False)
Linear(in_features=128, out_features=1, bias=True)
Adam (
Parameter Group 0
    amsgrad: False
    betas: (0.9, 0.999)
    capturable: False
    eps: 1e-08
    foreach: None
    initial_lr: 0.0002
    lr: 9.799999999999998e-05
    maximize: False
    weight_decay: 0.007
)
256",9.584919423599679,9.07912804827327,8.972082582308532,8.933922062071852,8.918577128921985,8.898442161398304,8.888466944157548,8.878173521529586,8.874403309339362,8.87715109110512,9.236207399014948,9.095857957329752,9.068729643949938,9.03254160587781,9.023247139506406,9.004250017066077,9.016800872174592,9.009821871643293,9.011669810305884,8.994581268128576
84457718260447,"Linear(in_features=90, out_features=192, bias=True)
ReLU()
Dropout(p=0.5, inplace=False)
Linear(in_features=192, out_features=128, bias=True)
LeakyReLU(negative_slope=0.01)
Dropout(p=0.2, inplace=False)
Linear(in_features=128, out_features=1, bias=True)
Adam (
Parameter Group 0
    amsgrad: False
    betas: (0.9, 0.999)
    capturable: False
    eps: 1e-08
    foreach: None
    initial_lr: 0.0007
    lr: 0.00044800000000000005
    maximize: False
    weight_decay: 0.005
)
256",9.214137768819459,8.986067969900356,8.959175702320069,8.954697352731266,8.947940704734881,8.92213868184191,8.920632422734435,8.909438504943086,8.908568004549807,8.91088542657057,9.139834854726029,9.091696509007717,9.068744641334991,9.114660113764394,9.090600395778424,9.082430081225759,9.040483699353585,9.014474321310752,9.045862544105773,9.045302424377063
84460668819315,"Linear(in_features=90, out_features=192, bias=True)
ReLU()
Dropout(p=0.2, inplace=False)
Linear(in_features=192, out_features=128, bias=True)
ReLU()
Dropout(p=0.2, inplace=False)
Linear(in_features=128, out_features=1, bias=True)
Adam (
Parameter Group 0
    amsgrad: False
    betas: (0.9, 0.999)
    capturable: False
    eps: 1e-08
    foreach: None
    initial_lr: 0.0007
    lr: 0.00044800000000000005
    maximize: False
    weight_decay: 0.003
)
256",9.075025937431226,8.853242651090115,8.808976891016517,8.793699772129496,8.777953821944521,8.749507042800502,8.74100222135514,8.731544087868595,8.728943671712488,8.725114122042273,9.04831950701355,9.010900379246655,8.971156004736358,9.017460105056694,9.037672015686299,8.964482820448092,8.947033036909078,8.911374471735334,8.950395059401778,8.93330586516425
84508462729499,"Linear(in_features=90, out_features=192, bias=True)
ReLU()
Dropout(p=0.3, inplace=False)
Linear(in_features=192, out_features=128, bias=True)
ReLU()
Dropout(p=0.2, inplace=False)
Linear(in_features=128, out_features=1, bias=True)
Adam (
Parameter Group 0
    amsgrad: False
    betas: (0.9, 0.999)
    capturable: False
    eps: 1e-08
    foreach: None
    initial_lr: 0.0006
    lr: 0.000384
    maximize: False
    weight_decay: 0.004
)
256",9.131036606181807,8.889643912854082,8.852557987859445,8.839082511359416,8.823493055627166,8.788490463034424,8.790983289254285,8.78227111265906,8.779721557200089,8.777153744054965,9.06918152168218,9.033693796285995,8.985758241296004,9.018515138492146,9.01400157765148,9.007833087973252,8.97731797381239,8.930144677219213,8.96581758771779,8.955988431966244
84543566315776,"Linear(in_features=90, out_features=192, bias=True)
ReLU()
Dropout(p=0.4, inplace=False)
Linear(in_features=192, out_features=128, bias=True)
ReLU()
Dropout(p=0.2, inplace=False)
Linear(in_features=128, out_features=1, bias=True)
Adam (
Parameter Group 0
    amsgrad: False
    betas: (0.9, 0.999)
    capturable: False
    eps: 1e-08
    foreach: None
    initial_lr: 0.0005
    lr: 0.00032
    maximize: False
    weight_decay: 0.005
)
256",9.204219932878035,8.926072561147274,8.885797409618155,8.872689043021808,8.861229084660827,8.834977792276494,8.829548738887388,8.824684369648532,8.826588385490014,8.823683457211313,9.092468548307824,9.051799552406013,9.010065742165455,9.042130803468512,9.021002748230249,9.005536531879518,9.00231209409317,8.968178697773272,8.995638257744686,8.978593403602096
84439400164931,"Linear(in_features=90, out_features=192, bias=True)
LeakyReLU(negative_slope=0.01)
Dropout(p=0.4, inplace=False)
Linear(in_features=192, out_features=128, bias=True)
LeakyReLU(negative_slope=0.01)
Dropout(p=0.2, inplace=False)
Linear(in_features=128, out_features=1, bias=True)
Adam (
Parameter Group 0
    amsgrad: False
    betas: (0.9, 0.999)
    capturable: False
    eps: 1e-08
    foreach: None
    initial_lr: 0.0004
    lr: 0.00025600000000000004
    maximize: False
    weight_decay: 0.006
)
256",9.242967307312432,8.934510872450229,8.889349833695004,8.874849318529627,8.861932657637869,8.841653584805638,8.83500322262506,8.826465798168714,8.826489272336621,8.82290098494769,9.101118127121957,9.049711655582579,9.010399596997935,9.032675930283066,9.011778704362571,8.998737499968852,8.994741674942617,8.96917830609005,8.990698249520346,8.970179218527269
84458235082512,"Linear(in_features=90, out_features=192, bias=True)
LeakyReLU(negative_slope=0.01)
Dropout(p=0.4, inplace=False)
Linear(in_features=192, out_features=128, bias=True)
LeakyReLU(negative_slope=0.01)
Dropout(p=0.3, inplace=False)
Linear(in_features=128, out_features=1, bias=True)
Adam (
Parameter Group 0
    amsgrad: False
    betas: (0.9, 0.999)
    capturable: False
    eps: 1e-08
    foreach: None
    initial_lr: 0.0004
    lr: 0.000324
    maximize: False
    weight_decay: 0.008
)
256",9.255825282784418,8.961757208729805,8.92664115765884,8.916181459674858,8.904917771440005,8.891628132102586,8.891569446682814,8.886336011359615,8.886544670629915,8.885691775862565,9.12177083046007,9.066120098950755,9.033637719107102,9.06023655958853,9.041896061789425,9.040664320034438,9.030917323870572,8.99380075204561,9.02301304988754,9.001748062003143
84458751687945,"Linear(in_features=90, out_features=192, bias=True)
LeakyReLU(negative_slope=0.01)
Dropout(p=0.4, inplace=False)
Linear(in_features=192, out_features=128, bias=True)
LeakyReLU(negative_slope=0.01)
Dropout(p=0.3, inplace=False)
Linear(in_features=128, out_features=1, bias=True)
Adam (
Parameter Group 0
    amsgrad: False
    betas: (0.9, 0.999)
    capturable: False
    eps: 1e-08
    foreach: None
    initial_lr: 0.0004
    lr: 0.000324
    maximize: False
    weight_decay: 0.0065
)
256",9.25835592849702,8.94619970394832,8.904757364625961,8.891291016969008,8.880360531506414,8.86660206087104,8.865297940431669,8.85755016090136,8.857317375402932,8.854049901642087,9.11844923570099,9.060106147544593,9.025370247581705,9.045111370732695,9.033401673307576,9.0352176610194,9.017713104421933,8.979990116592663,9.002342740923496,8.987732679641214
84458412323045,"Linear(in_features=90, out_features=192, bias=True)
LeakyReLU(negative_slope=0.01)
Dropout(p=0.35, inplace=False)
Linear(in_features=192, out_features=128, bias=True)
LeakyReLU(negative_slope=0.01)
Dropout(p=0.3, inplace=False)
Linear(in_features=128, out_features=1, bias=True)
Adam (
Parameter Group 0
    amsgrad: False
    betas: (0.9, 0.999)
    capturable: False
    eps: 1e-08
    foreach: None
    initial_lr: 0.0009
    lr: 0.0006502499999999999
    maximize: False
    weight_decay: 0.006
)
256",9.147680443289289,8.986711553337186,8.96500707686472,8.962678569820222,8.956888927129631,8.932108030540688,8.93722865944588,8.931851770874351,8.92915354568529,8.930136852496577,9.137786081515776,9.099424074671214,9.080698209282273,9.144469698767557,9.098296010491158,9.108277748334109,9.074231076023429,9.023983967554653,9.086425906251995,9.03231208068048
84458315043197,"Linear(in_features=90, out_features=192, bias=True)
ReLU()
Dropout(p=0.35, inplace=False)
Linear(in_features=192, out_features=128, bias=True)
ReLU()
Dropout(p=0.3, inplace=False)
Linear(in_features=128, out_features=1, bias=True)
Adam (
Parameter Group 0
    amsgrad: False
    betas: (0.9, 0.999)
    capturable: False
    eps: 1e-08
    foreach: None
    initial_lr: 0.0008
    lr: 0.0008
    maximize: False
    weight_decay: 0.005
)
256",9.146069202486446,8.955948004232624,8.928978141486194,8.925143375334223,8.910423115874812,8.91071849915433,8.917103472825495,8.9108234808497,8.911581826885195,8.908034619290103,9.112765878826208,9.089251935244114,9.046384844341741,9.118790263195885,9.086135739454235,9.09141742723369,9.069257812727884,9.025759527532857,9.054094804379307,9.02623161913191
84458328705541,"Linear(in_features=90, out_features=192, bias=True)
ReLU()
Dropout(p=0.3, inplace=False)
Linear(in_features=192, out_features=128, bias=True)
ReLU()
Dropout(p=0.3, inplace=False)
Linear(in_features=128, out_features=1, bias=True)
Adam (
Parameter Group 0
    amsgrad: False
    betas: (0.9, 0.999)
    capturable: False
    eps: 1e-08
    foreach: None
    initial_lr: 0.0008
    lr: 0.0008
    maximize: False
    weight_decay: 0.0035
)
256",9.118798087918522,8.91408182576747,8.882384526428318,8.872746424321141,8.862340847335393,8.859457437043941,8.860024077374849,8.856733129446093,8.859535684270304,8.856437094106356,9.088437512029726,9.068382095852845,9.01526853065833,9.07738509130605,9.054471695186287,9.056947567840433,9.0317728268788,8.965269205073033,9.029050475461611,9.016475494124968
84458751709082,"Linear(in_features=90, out_features=192, bias=True)
ReLU()
Linear(in_features=192, out_features=128, bias=True)
ReLU()
Linear(in_features=128, out_features=1, bias=True)
Adam (
Parameter Group 0
    amsgrad: False
    betas: (0.9, 0.999)
    capturable: False
    eps: 1e-08
    foreach: None
    initial_lr: 0.0015
    lr: 1.5360000000000005e-05
    maximize: False
    weight_decay: 0
)
256",8.903231543711897,8.65478486292761,8.45326173967236,8.37042596554412,8.229468803734177,8.17679342300729,8.100565627145349,8.076671532455178,8.040368731784383,8.031485715411602,8.962177787571504,8.891851788757938,8.835635721038157,8.854009473908466,8.842441925611238,8.843448706590433,8.855779817404914,8.86222282443563,8.880295325484445,8.87411770696314
84458911277302,"Linear(in_features=90, out_features=192, bias=True)
ReLU()
Linear(in_features=192, out_features=128, bias=True)
ReLU()
Linear(in_features=128, out_features=1, bias=True)
Adam (
Parameter Group 0
    amsgrad: False
    betas: (0.9, 0.999)
    capturable: False
    eps: 1e-08
    foreach: None
    initial_lr: 0.0015
    lr: 4.800000000000002e-07
    maximize: False
    weight_decay: 0.0008
)
256",8.924366119552356,8.735652067252616,8.555238741549479,8.497822883025476,8.415461156676947,8.393898829332374,8.368064203428418,8.363904711287041,8.357154583892854,8.35668184023358,9.007465978069568,8.929750180786304,8.833230922947955,8.821589039785682,8.811652294097888,8.805882213213888,8.807919249340188,8.807233934049297,8.808391992999459,8.808202243475531
84458751712877,"Linear(in_features=90, out_features=192, bias=True)
ReLU()
Linear(in_features=192, out_features=128, bias=True)
ReLU()
Linear(in_features=128, out_features=1, bias=True)
Adam (
Parameter Group 0
    amsgrad: False
    betas: (0.9, 0.999)
    capturable: False
    eps: 1e-08
    foreach: None
    initial_lr: 0.0015
    lr: 7.878281249999997e-06
    maximize: False
    weight_decay: 0.0008
)
256",8.924366119552356,8.735652067252616,8.575761684903874,8.5245938674049,8.4224551545933,8.385657440215764,8.329634382321009,8.311499283491104,8.284696348160915,8.278181614506034,9.007465978069568,8.929750180786304,8.829432672168284,8.84903751473336,8.821213453099142,8.809288575801528,8.807199374857653,8.805270580727823,8.81108695788742,8.80382039879924
84458142254882,"Linear(in_features=90, out_features=192, bias=True)
ReLU()
Linear(in_features=192, out_features=128, bias=True)
ReLU()
Linear(in_features=128, out_features=1, bias=True)
Adam (
Parameter Group 0
    amsgrad: False
    betas: (0.9, 0.999)
    capturable: False
    eps: 1e-08
    foreach: None
    initial_lr: 0.0015
    lr: 6.431249999999998e-05
    maximize: False
    weight_decay: 0.0008
)
256",8.924366119552356,8.735652067252616,8.684707254348776,8.54338298263515,8.49534570625089,8.463800336942924,8.367210656600848,8.33251648849202,8.306926385170447,8.25130369225058,9.007465978069568,8.929750180786304,8.87492821781621,8.83463220036006,8.854860412495157,8.841097377438246,8.819666766258049,8.815875036080575,8.831582514712588,8.813528923410145
84458412229289,"Linear(in_features=90, out_features=192, bias=True)
ReLU()
Linear(in_features=192, out_features=128, bias=True)
ReLU()
Linear(in_features=128, out_features=1, bias=True)
Adam (
Parameter Group 0
    amsgrad: False
    betas: (0.9, 0.999)
    capturable: False
    eps: 1e-08
    foreach: None
    initial_lr: 0.0015
    lr: 7.878281249999997e-06
    maximize: False
    weight_decay: 0.0006
)
256",8.918657984389226,8.721045266271434,8.55307846604166,8.497818318603937,8.388344580381089,8.349348118942773,8.28925164085564,8.269754388226811,8.241818172234808,8.235456020671332,8.975003812092725,8.923084821220673,8.820668330755487,8.828978186195164,8.803203549831418,8.789707207404359,8.796667298189286,8.794310100495123,8.80382170291968,8.795151910238737
84460669643800,"Linear(in_features=90, out_features=192, bias=True)
ReLU()
Linear(in_features=192, out_features=128, bias=True)
ReLU()
Linear(in_features=128, out_features=1, bias=True)
Adam (
Parameter Group 0
    amsgrad: False
    betas: (0.9, 0.999)
    capturable: False
    eps: 1e-08
    foreach: None
    initial_lr: 0.0015
    lr: 7.878281249999997e-06
    maximize: False
    weight_decay: 0.00045
)
256",8.915374861183107,8.709409903711357,8.535822344387892,8.476366841496711,8.361192792833368,8.320843306439203,8.260389499351684,8.241178501159297,8.213698727321074,8.207691296517106,8.979218077292554,8.907174551860336,8.806495149820392,8.821213453099142,8.798669775123942,8.791954206921396,8.79987934683146,8.796045232739706,8.804006235961852,8.798559576946815
84439399862955,"Linear(in_features=90, out_features=192, bias=True)
ReLU()
Linear(in_features=192, out_features=128, bias=True)
ReLU()
Linear(in_features=128, out_features=1, bias=True)
Adam (
Parameter Group 0
    amsgrad: False
    betas: (0.9, 0.999)
    capturable: False
    eps: 1e-08
    foreach: None
    initial_lr: 0.0025
    lr: 1.3130468749999993e-05
    maximize: False
    weight_decay: 0.00045
)
256",8.930663717154083,8.760917444584788,8.58855641053455,8.53416350318901,8.41512404154337,8.368850588053359,8.294146004864603,8.268405927692502,8.231500623378718,8.222080961445135,9.020434151718682,8.93949196046841,8.823991881695225,8.852646668049323,8.805800705686428,8.796053709522562,8.79443725223796,8.789840227689176,8.803000107042877,8.796437772991958
84459565078588,"Linear(in_features=90, out_features=192, bias=True)
ReLU()
Linear(in_features=192, out_features=128, bias=True)
ReLU()
Linear(in_features=128, out_features=1, bias=True)
Adam (
Parameter Group 0
    amsgrad: False
    betas: (0.9, 0.999)
    capturable: False
    eps: 1e-08
    foreach: None
    initial_lr: 0.0008
    lr: 4.201749999999999e-06
    maximize: False
    weight_decay: 0.00045
)
256",8.93777052148844,8.675270638849481,8.512307096685358,8.45859494020917,8.371033685668868,8.344190322605058,8.305234940960581,8.294345535291827,8.277761687724555,8.274713306197524,8.967763987473552,8.886896783148545,8.81646841088049,8.822430849529297,8.80257757202052,8.792891217457086,8.795833965228528,8.792888609216208,8.798504803888362,8.793167038930013
84457774502502,"Linear(in_features=90, out_features=192, bias=True)
ReLU()
Dropout(p=0.2, inplace=False)
Linear(in_features=192, out_features=128, bias=True)
ReLU()
Linear(in_features=128, out_features=1, bias=True)
Adam (
Parameter Group 0
    amsgrad: False
    betas: (0.9, 0.999)
    capturable: False
    eps: 1e-08
    foreach: None
    initial_lr: 0.0008
    lr: 4.026275000000002e-05
    maximize: False
    weight_decay: 0.00045
)
256",9.03326930508298,8.758933225336282,8.643087554646664,8.601356352646985,8.53235860050092,8.503611221595627,8.46341431729287,8.443913804362943,8.41431548687096,8.40872993902913,8.993382129384573,8.924413719948394,8.884175083791575,8.866911789475392,8.844478309677317,8.828994487700655,8.824605470361949,8.832445190383233,8.84004951666521,8.82885755505452
98345482174603,"Linear(in_features=90, out_features=192, bias=True)
ReLU()
Linear(in_features=192, out_features=128, bias=True)
ReLU()
Linear(in_features=128, out_features=1, bias=True)
Adam (
Parameter Group 0
    amsgrad: False
    betas: (0.9, 0.999)
    capturable: False
    eps: 1e-08
    foreach: None
    initial_lr: 0.0015
    lr: 7.878281249999997e-06
    maximize: False
    weight_decay: 0.0008
)
<torch.optim.lr_scheduler.StepLR object at 0x000001DB2EA43310>
256",8.924366119552356,8.735652067252616,8.575761684903874,8.5245938674049,8.4224551545933,8.385657440215764,8.329634382321009,8.311499283491104,8.284696348160915,8.278181614506034,9.007465978069568,8.929750180786304,8.829432672168284,8.84903751473336,8.821213453099142,8.809288575801528,8.807199374857653,8.805270580727823,8.81108695788742,8.80382039879924
98333889104256,"Linear(in_features=90, out_features=192, bias=True)
ReLU()
Linear(in_features=192, out_features=128, bias=True)
ReLU()
Linear(in_features=128, out_features=1, bias=True)
Adam (
Parameter Group 0
    amsgrad: False
    betas: (0.9, 0.999)
    capturable: False
    eps: 1e-08
    foreach: None
    initial_lr: 0.0015
    lr: 2.767921875e-05
    maximize: False
    weight_decay: 0.0008
)
<torch.optim.lr_scheduler.StepLR object at 0x000001DB2EE44310>
256",8.924366119552356,8.735652067252616,8.594020675175518,8.546719574779283,8.445824992866841,8.406841572632919,8.336651202345049,8.309919993639024,8.265776168826509,8.251816863643473,9.007465978069568,8.929750180786304,8.839649151690322,8.858204829361926,8.829614596969577,8.82115933210091,8.8104270729451,8.806063485954962,8.816308656126665,8.805460330251751
98424166381694,"Linear(in_features=90, out_features=192, bias=True)
ReLU()
Linear(in_features=192, out_features=128, bias=True)
ReLU()
Linear(in_features=128, out_features=1, bias=True)
Adam (
Parameter Group 0
    amsgrad: False
    betas: (0.9, 0.999)
    capturable: False
    eps: 1e-08
    foreach: None
    initial_lr: 0.0015
    lr: 7.878281249999997e-06
    maximize: False
    weight_decay: 0.0006
)
<torch.optim.lr_scheduler.StepLR object at 0x000001DC4D188160>
256",8.918657984389226,8.721045266271434,8.55307846604166,8.497818318603937,8.388344580381089,8.349348118942773,8.28925164085564,8.269754388226811,8.241818172234808,8.235456020671332,8.975003812092725,8.923084821220673,8.820668330755487,8.828978186195164,8.803203549831418,8.789707207404359,8.796667298189286,8.794310100495123,8.80382170291968,8.795151910238737
68411317774837,"Linear(in_features=90, out_features=192, bias=True)
ReLU()
Linear(in_features=192, out_features=128, bias=True)
ReLU()
Linear(in_features=128, out_features=1, bias=True)
Adam (
Parameter Group 0
    amsgrad: False
    betas: (0.9, 0.999)
    capturable: False
    eps: 1e-08
    foreach: None
    initial_lr: 0.0015
    lr: 7.878281249999997e-06
    maximize: False
    weight_decay: 0.0006
)
<torch.optim.lr_scheduler.StepLR object at 0x0000014A8C201930>
256",8.918657984389226,8.721045266271434,8.55307846604166,8.497818318603937,8.388344580381089,8.349348118942773,8.28925164085564,8.269754388226811,8.241818172234808,8.235456020671332,8.975003812092725,8.923084821220673,8.820668330755487,8.828978186195164,8.803203549831418,8.789707207404359,8.796667298189286,8.794310100495123,8.80382170291968,8.795151910238737
68514268159880,"Linear(in_features=90, out_features=192, bias=True)
ReLU()
Dropout(p=0.2, inplace=False)
Linear(in_features=192, out_features=128, bias=True)
ReLU()
Linear(in_features=128, out_features=1, bias=True)
Adam (
Parameter Group 0
    amsgrad: False
    betas: (0.9, 0.999)
    capturable: False
    eps: 1e-08
    foreach: None
    initial_lr: 0.0015
    lr: 7.878281249999997e-06
    maximize: False
    weight_decay: 0.00045
)
<torch.optim.lr_scheduler.StepLR object at 0x0000014BAE0BC430>
256",8.993796187624072,8.783077059090592,8.638856987941342,8.590834056881913,8.50811108917168,8.477265380479437,8.444857987561047,8.43177309513261,8.408302839585236,8.40997276580785,9.01649114357024,8.950260734996522,8.889803015547685,8.870460301190922,8.84664967020887,8.824201845085964,8.838084207163076,8.842325858892133,8.845209921243805,8.839923016982592
68454299594087,"Linear(in_features=90, out_features=192, bias=True)
ReLU()
Dropout(p=0.2, inplace=False)
Linear(in_features=192, out_features=128, bias=True)
ReLU()
Linear(in_features=128, out_features=1, bias=True)
Adam (
Parameter Group 0
    amsgrad: False
    betas: (0.9, 0.999)
    capturable: False
    eps: 1e-08
    foreach: None
    initial_lr: 0.0015
    lr: 0.0004119375000000001
    maximize: False
    weight_decay: 0.0005
)
<torch.optim.lr_scheduler.StepLR object at 0x0000014A8C2026E0>
256",8.99191368976984,8.78505606185734,8.738701100839869,8.656386974887377,8.629502532029727,8.608219286459178,8.549988352660568,8.51917394285887,8.500757154014062,8.446850031532188,9.005479150580186,8.962844845176242,8.92201348627973,8.922370815280118,8.90453501209105,8.892355831307755,8.852957700774112,8.836412324759802,8.862215651773212,8.838068557717804
68454317085023,"Linear(in_features=90, out_features=192, bias=True)
ReLU()
Dropout(p=0.2, inplace=False)
Linear(in_features=192, out_features=128, bias=True)
ReLU()
Linear(in_features=128, out_features=1, bias=True)
Adam (
Parameter Group 0
    amsgrad: False
    betas: (0.9, 0.999)
    capturable: False
    eps: 1e-08
    foreach: None
    initial_lr: 0.0015
    lr: 0.0004119375000000001
    maximize: False
    weight_decay: 0.0008
)
<torch.optim.lr_scheduler.StepLR object at 0x0000014A8C278D30>
256",8.999938594893514,8.810236019300731,8.768417441231614,8.695353441555588,8.66763370955652,8.653002130286987,8.595954033726887,8.573054330871738,8.560887539232619,8.507202769285657,9.009223932421841,8.97333388587011,8.959240256281818,8.924430021453885,8.925599817488003,8.921611165124183,8.875607664565122,8.850113414095842,8.872185652532211,8.840593986948647
116457672581236,"Linear(in_features=90, out_features=192, bias=True)
ReLU()
Linear(in_features=192, out_features=128, bias=True)
ReLU()
Linear(in_features=128, out_features=1, bias=True)
Adam (
Parameter Group 0
    amsgrad: False
    betas: (0.9, 0.999)
    capturable: False
    eps: 1e-08
    foreach: None
    initial_lr: 0.0015
    lr: 7.878281249999997e-06
    maximize: False
    weight_decay: 0.0006
)
<torch.optim.lr_scheduler.StepLR object at 0x00000232B22ED870>
256",8.918655395507812,8.721046447753906,8.553074836730957,8.497822761535645,8.388345718383789,8.349346160888672,8.28925609588623,8.269754409790039,8.24182415008545,8.235455513000488,8.927668571472168,8.884284973144531,8.780293464660645,8.789101600646973,8.760712623596191,8.747697830200195,8.756739616394043,8.7554349899292,8.765828132629395,8.75708293914795
91181197001589,"Linear(in_features=90, out_features=192, bias=True)
ReLU()
Linear(in_features=192, out_features=128, bias=True)
ReLU()
Linear(in_features=128, out_features=1, bias=True)
Adam (
Parameter Group 0
    amsgrad: False
    betas: (0.9, 0.999)
    capturable: False
    eps: 1e-08
    foreach: None
    initial_lr: 0.0015
    lr: 7.878281249999997e-06
    maximize: False
    weight_decay: 0.00065
)
<torch.optim.lr_scheduler.StepLR object at 0x000001B845C42530>
256",8.91928768157959,8.724035263061523,8.557759284973145,8.503989219665527,8.395257949829102,8.356271743774414,8.297252655029297,8.278688430786133,8.250907897949219,8.244644165039062,8.937214851379395,8.8671293258667,8.785749435424805,8.797571182250977,8.759860038757324,8.75345516204834,8.761123657226562,8.757102012634277,8.766070365905762,8.757569313049316
91306663521828,"Linear(in_features=90, out_features=192, bias=True)
ReLU()
Linear(in_features=192, out_features=128, bias=True)
ReLU()
Linear(in_features=128, out_features=1, bias=True)
Adam (
Parameter Group 0
    amsgrad: False
    betas: (0.9, 0.999)
    capturable: False
    eps: 1e-08
    foreach: None
    initial_lr: 0.0015
    lr: 7.878281249999997e-06
    maximize: False
    weight_decay: 0.00075
)
<torch.optim.lr_scheduler.StepLR object at 0x000001B9274E86D0>
256",8.92001724243164,8.729211807250977,8.567923545837402,8.513915061950684,8.4076566696167,8.371061325073242,8.313959121704102,8.296142578125,8.268987655639648,8.262657165527344,8.945297241210938,8.863788604736328,8.782848358154297,8.791536331176758,8.752473831176758,8.746880531311035,8.75047779083252,8.74742603302002,8.755796432495117,8.748180389404297
87690010980724,"Linear(in_features=90, out_features=192, bias=True)
ReLU()
Linear(in_features=192, out_features=128, bias=True)
ReLU()
Linear(in_features=128, out_features=1, bias=True)
Adam (
Parameter Group 0
    amsgrad: False
    betas: (0.9, 0.999)
    capturable: False
    eps: 1e-08
    foreach: None
    initial_lr: 0.0015
    lr: 7.878281249999997e-06
    maximize: False
    weight_decay: 0.00075
)
<torch.optim.lr_scheduler.StepLR object at 0x000001A7B28D3EE0>
256",8.92001724243164,8.729211807250977,8.567923545837402,8.513915061950684,8.4076566696167,8.371061325073242,8.313959121704102,8.296142578125,8.268987655639648,8.262657165527344,8.945297241210938,8.863788604736328,8.782848358154297,8.791536331176758,8.752473831176758,8.746880531311035,8.75047779083252,8.74742603302002,8.755796432495117,8.748180389404297
87897048057895,"Linear(in_features=90, out_features=192, bias=True)
ReLU()
Linear(in_features=192, out_features=128, bias=True)
ReLU()
Linear(in_features=128, out_features=1, bias=True)
Adam (
Parameter Group 0
    amsgrad: False
    betas: (0.9, 0.999)
    capturable: False
    eps: 1e-08
    foreach: None
    initial_lr: 0.0015
    lr: 7.878281249999997e-06
    maximize: False
    weight_decay: 0.00085
)
<torch.optim.lr_scheduler.StepLR object at 0x000001A8B2A464D0>
256",8.926008224487305,8.740950584411621,8.582199096679688,8.533771514892578,8.433525085449219,8.39781665802002,8.340801239013672,8.322636604309082,8.29561996459961,8.289084434509277,8.951038360595703,8.906830787658691,8.797279357910156,8.81503677368164,8.76819896697998,8.754438400268555,8.759255409240723,8.752181053161621,8.76441764831543,8.755444526672363
107149867082357,"Linear(in_features=90, out_features=192, bias=True)
ReLU()
Linear(in_features=192, out_features=128, bias=True)
ReLU()
Linear(in_features=128, out_features=1, bias=True)
Adam (
Parameter Group 0
    amsgrad: False
    betas: (0.9, 0.999)
    capturable: False
    eps: 1e-08
    foreach: None
    initial_lr: 0.0015
    lr: 7.549265625000004e-05
    maximize: False
    weight_decay: 0.00065
)
<torch.optim.lr_scheduler.StepLR object at 0x00000205B86A6110>
256",8.91928768157959,8.724035263061523,8.59212589263916,8.54744815826416,8.44473648071289,8.403361320495605,8.324363708496094,8.287156105041504,8.224260330200195,8.199931144714355,8.937214851379395,8.8671293258667,8.792469024658203,8.838133811950684,8.788065910339355,8.772744178771973,8.78120231628418,8.769429206848145,8.781013488769531,8.781164169311523
103931986721223,"Linear(in_features=90, out_features=192, bias=True)
ReLU()
Linear(in_features=192, out_features=128, bias=True)
ReLU()
Linear(in_features=128, out_features=1, bias=True)
Adam (
Parameter Group 0
    amsgrad: False
    betas: (0.9, 0.999)
    capturable: False
    eps: 1e-08
    foreach: None
    initial_lr: 0.0015
    lr: 0.000885735
    maximize: False
    weight_decay: 0.00065
)
<torch.optim.lr_scheduler.StepLR object at 0x000001F62CC27A60>
256",8.91928768157959,8.724035263061523,8.649933815002441,8.613992691040039,8.567519187927246,8.544923782348633,8.512246131896973,8.493481636047363,8.463157653808594,8.444144248962402,8.937214851379395,8.8671293258667,8.815601348876953,8.892533302307129,8.846864700317383,8.833419799804688,8.808843612670898,8.785024642944336,8.838562965393066,8.859600067138672
104143397010938,"Linear(in_features=90, out_features=192, bias=True)
ReLU()
Linear(in_features=192, out_features=128, bias=True)
ReLU()
Dropout(p=0.25, inplace=False)
Linear(in_features=128, out_features=1, bias=True)
Adam (
Parameter Group 0
    amsgrad: False
    betas: (0.9, 0.999)
    capturable: False
    eps: 1e-08
    foreach: None
    initial_lr: 0.0015
    lr: 0.0004915200000000002
    maximize: False
    weight_decay: 0.00065
)
<torch.optim.lr_scheduler.StepLR object at 0x000001F732440700>
256",8.961770057678223,8.775293350219727,8.69879150390625,8.662191390991211,8.603381156921387,8.584575653076172,8.533514022827148,8.510794639587402,8.46832275390625,8.44675350189209,8.982958793640137,8.908306121826172,8.860745429992676,8.965017318725586,8.87673568725586,8.883254051208496,8.858736038208008,8.830099105834961,8.8574800491333,8.881976127624512
103986390901954,"Linear(in_features=90, out_features=192, bias=True)
ReLU()
Linear(in_features=192, out_features=128, bias=True)
ReLU()
Dropout(p=0.25, inplace=False)
Linear(in_features=128, out_features=1, bias=True)
Adam (
Parameter Group 0
    amsgrad: False
    betas: (0.9, 0.999)
    capturable: False
    eps: 1e-08
    foreach: None
    initial_lr: 0.0025
    lr: 6.075e-06
    maximize: False
    weight_decay: 0.001
)
<torch.optim.lr_scheduler.StepLR object at 0x000001F6700F7B50>
256",8.99314022064209,8.857682228088379,8.695053100585938,8.64526653289795,8.551655769348145,8.52063274383545,8.465696334838867,8.450984954833984,8.43113899230957,8.42297649383545,9.001524925231934,8.949965476989746,8.860107421875,8.861381530761719,8.814695358276367,8.79702377319336,8.80435848236084,8.792607307434082,8.800179481506348,8.800137519836426
103951371034169,"Linear(in_features=90, out_features=192, bias=True)
ReLU()
Linear(in_features=192, out_features=128, bias=True)
ReLU()
Dropout(p=0.25, inplace=False)
Linear(in_features=128, out_features=1, bias=True)
Adam (
Parameter Group 0
    amsgrad: False
    betas: (0.9, 0.999)
    capturable: False
    eps: 1e-08
    foreach: None
    initial_lr: 0.0015
    lr: 1.5360000000000005e-05
    maximize: False
    weight_decay: 0.00075
)
<torch.optim.lr_scheduler.StepLR object at 0x000001F64529DD50>
256",8.964756965637207,8.78467845916748,8.640637397766113,8.587684631347656,8.488228797912598,8.455034255981445,8.388365745544434,8.367167472839355,8.335887908935547,8.32225227355957,8.966379165649414,8.919312477111816,8.824474334716797,8.863171577453613,8.815530776977539,8.800396919250488,8.798090934753418,8.799851417541504,8.812112808227539,8.809891700744629
103951193087863,"Linear(in_features=90, out_features=192, bias=True)
ReLU()
Linear(in_features=192, out_features=128, bias=True)
ReLU()
Dropout(p=0.25, inplace=False)
Linear(in_features=128, out_features=1, bias=True)
Adam (
Parameter Group 0
    amsgrad: False
    betas: (0.9, 0.999)
    capturable: False
    eps: 1e-08
    foreach: None
    initial_lr: 0.0015
    lr: 0.00018374999999999997
    maximize: False
    weight_decay: 0.00065
)
<torch.optim.lr_scheduler.StepLR object at 0x000001F644905BD0>
256",8.961770057678223,8.775293350219727,8.618903160095215,8.562179565429688,8.459365844726562,8.428014755249023,8.397520065307617,8.374646186828613,8.356069564819336,8.330126762390137,8.982958793640137,8.908306121826172,8.82100772857666,8.847491264343262,8.808579444885254,8.79609203338623,8.806367874145508,8.802001953125,8.81894588470459,8.81588077545166
104019219513729,"Linear(in_features=90, out_features=192, bias=True)
ReLU()
Linear(in_features=192, out_features=128, bias=True)
ReLU()
Dropout(p=0.25, inplace=False)
Linear(in_features=128, out_features=1, bias=True)
Adam (
Parameter Group 0
    amsgrad: False
    betas: (0.9, 0.999)
    capturable: False
    eps: 1e-08
    foreach: None
    initial_lr: 0.001
    lr: 0.0001225
    maximize: False
    weight_decay: 0.00065
)
<torch.optim.lr_scheduler.StepLR object at 0x000001F69CFDC640>
256",8.969884872436523,8.745750427246094,8.685894012451172,8.645971298217773,8.504919052124023,8.46252727508545,8.42514419555664,8.39406967163086,8.299535751342773,8.266871452331543,8.952204704284668,8.895648002624512,8.846258163452148,8.91839599609375,8.825130462646484,8.799212455749512,8.819849014282227,8.795159339904785,8.806615829467773,8.803071975708008
103998213649038,"Linear(in_features=90, out_features=192, bias=True)
ReLU()
Dropout(p=0.2, inplace=False)
Linear(in_features=192, out_features=128, bias=True)
ReLU()
Dropout(p=0.25, inplace=False)
Linear(in_features=128, out_features=1, bias=True)
Adam (
Parameter Group 0
    amsgrad: False
    betas: (0.9, 0.999)
    capturable: False
    eps: 1e-08
    foreach: None
    initial_lr: 0.001
    lr: 0.0001225
    maximize: False
    weight_decay: 0.00065
)
<torch.optim.lr_scheduler.StepLR object at 0x000001F6420FFB80>
256",9.053119659423828,8.819806098937988,8.758374214172363,8.736346244812012,8.61642837524414,8.58005428314209,8.551495552062988,8.534770965576172,8.465973854064941,8.443501472473145,9.024077415466309,8.952680587768555,8.920337677001953,8.932914733886719,8.859594345092773,8.835712432861328,8.863358497619629,8.822619438171387,8.852745056152344,8.811705589294434
104143403814005,"Linear(in_features=90, out_features=192, bias=True)
ReLU()
Linear(in_features=192, out_features=128, bias=True)
ReLU()
Linear(in_features=128, out_features=1, bias=True)
Adam (
Parameter Group 0
    amsgrad: False
    betas: (0.9, 0.999)
    capturable: False
    eps: 1e-08
    foreach: None
    initial_lr: 0.001
    lr: 0.0001225
    maximize: False
    weight_decay: 0.00075
)
<torch.optim.lr_scheduler.StepLR object at 0x000001F732463400>
256",8.928112983703613,8.701200485229492,8.636932373046875,8.597115516662598,8.453033447265625,8.401907920837402,8.37020492553711,8.336079597473145,8.23608684539795,8.205061912536621,8.921979904174805,8.860971450805664,8.814810752868652,8.883267402648926,8.792753219604492,8.767669677734375,8.780376434326172,8.773303985595703,8.777626991271973,8.773974418640137
104013616953565,"Linear(in_features=90, out_features=192, bias=True)
ReLU()
Linear(in_features=192, out_features=128, bias=True)
ReLU()
Linear(in_features=128, out_features=1, bias=True)
Adam (
Parameter Group 0
    amsgrad: False
    betas: (0.9, 0.999)
    capturable: False
    eps: 1e-08
    foreach: None
    initial_lr: 0.001
    lr: 0.0001225
    maximize: False
    weight_decay: 0.0009
)
<torch.optim.lr_scheduler.StepLR object at 0x000001F691BC8C40>
256",8.930072784423828,8.708256721496582,8.64728832244873,8.610103607177734,8.470407485961914,8.420448303222656,8.391138076782227,8.360274314880371,8.266984939575195,8.239008903503418,8.919266700744629,8.864500045776367,8.82431697845459,8.88611888885498,8.78594970703125,8.773289680480957,8.800591468811035,8.78394889831543,8.791746139526367,8.79444408416748
103948437605324,"Linear(in_features=90, out_features=192, bias=True)
ReLU()
Linear(in_features=192, out_features=128, bias=True)
ReLU()
Linear(in_features=128, out_features=1, bias=True)
Adam (
Parameter Group 0
    amsgrad: False
    betas: (0.9, 0.999)
    capturable: False
    eps: 1e-08
    foreach: None
    initial_lr: 0.001
    lr: 0.0003486784401
    maximize: False
    weight_decay: 0.00067
)
<torch.optim.lr_scheduler.StepLR object at 0x000001F63A6F7A30>
256",8.928216934204102,8.684025764465332,8.602500915527344,8.545947074890137,8.49209976196289,8.442510604858398,8.398554801940918,8.348401069641113,8.306665420532227,8.261860847473145,8.921534538269043,8.855798721313477,8.803894996643066,8.83780288696289,8.810834884643555,8.794885635375977,8.794367790222168,8.774113655090332,8.805973052978516,8.824421882629395
104022718509621,"Linear(in_features=90, out_features=128, bias=True)
ReLU()
Linear(in_features=128, out_features=128, bias=True)
ReLU()
Linear(in_features=128, out_features=1, bias=True)
Adam (
Parameter Group 0
    amsgrad: False
    betas: (0.9, 0.999)
    capturable: False
    eps: 1e-08
    foreach: None
    initial_lr: 0.001
    lr: 7.775999999999999e-05
    maximize: False
    weight_decay: 0.00075
)
<torch.optim.lr_scheduler.StepLR object at 0x000001F69CFEBC70>
256",8.94216537475586,8.699189186096191,8.582249641418457,8.537463188171387,8.456238746643066,8.419896125793457,8.360955238342285,8.333568572998047,8.286910057067871,8.266400337219238,8.884540557861328,8.828380584716797,8.795472145080566,8.821695327758789,8.76656723022461,8.780866622924805,8.762422561645508,8.766196250915527,8.77419662475586,8.779717445373535
103949203938719,"Linear(in_features=90, out_features=128, bias=True)
ReLU()
Linear(in_features=128, out_features=128, bias=True)
ReLU()
Linear(in_features=128, out_features=1, bias=True)
Adam (
Parameter Group 0
    amsgrad: False
    betas: (0.9, 0.999)
    capturable: False
    eps: 1e-08
    foreach: None
    initial_lr: 0.0008
    lr: 0.0002
    maximize: False
    weight_decay: 0.0012
)
<torch.optim.lr_scheduler.StepLR object at 0x000001F6420FFB80>
256",8.962135314941406,8.710249900817871,8.648149490356445,8.608613967895508,8.583621978759766,8.48378849029541,8.456658363342285,8.43181037902832,8.414885520935059,8.397340774536133,8.88260269165039,8.831252098083496,8.827743530273438,8.842270851135254,8.78442668914795,8.781033515930176,8.777684211730957,8.773747444152832,8.801186561584473,8.800131797790527
103951169840209,"Linear(in_features=90, out_features=128, bias=True)
Dropout(p=0.2, inplace=False)
ReLU()
Linear(in_features=128, out_features=128, bias=True)
Dropout(p=0.2, inplace=False)
ReLU()
Linear(in_features=128, out_features=1, bias=True)
Adam (
Parameter Group 0
    amsgrad: False
    betas: (0.9, 0.999)
    capturable: False
    eps: 1e-08
    foreach: None
    initial_lr: 0.0008
    lr: 0.0002
    maximize: False
    weight_decay: 0.0012
)
<torch.optim.lr_scheduler.StepLR object at 0x000001F6447E7190>
256",9.087178230285645,8.826898574829102,8.776124954223633,8.752228736877441,8.73232650756836,8.656746864318848,8.634381294250488,8.620623588562012,8.614121437072754,8.600309371948242,8.947052001953125,8.93172836303711,8.902667999267578,8.914417266845703,8.884082794189453,8.848093032836914,8.826146125793457,8.838570594787598,8.871219635009766,8.851998329162598
104019845309005,"Linear(in_features=90, out_features=128, bias=True)
Dropout(p=0.1, inplace=False)
ReLU()
Linear(in_features=128, out_features=128, bias=True)
Dropout(p=0.2, inplace=False)
ReLU()
Linear(in_features=128, out_features=1, bias=True)
Adam (
Parameter Group 0
    amsgrad: False
    betas: (0.9, 0.999)
    capturable: False
    eps: 1e-08
    foreach: None
    initial_lr: 0.001
    lr: 0.00025
    maximize: False
    weight_decay: 0.001
)
<torch.optim.lr_scheduler.StepLR object at 0x000001F698AE8580>
256",9.024620056152344,8.78877067565918,8.742844581604004,8.720065116882324,8.627126693725586,8.596598625183105,8.58252239227295,8.568754196166992,8.49610424041748,8.468986511230469,8.930200576782227,8.90482234954834,8.86843204498291,8.92380142211914,8.83745288848877,8.838861465454102,8.82567310333252,8.829280853271484,8.819000244140625,8.810676574707031
104102013250842,"Linear(in_features=90, out_features=128, bias=True)
ReLU()
Linear(in_features=128, out_features=128, bias=True)
ReLU()
Linear(in_features=128, out_features=1, bias=True)
Adam (
Parameter Group 0
    amsgrad: False
    betas: (0.9, 0.999)
    capturable: False
    eps: 1e-08
    foreach: None
    initial_lr: 0.001
    lr: 0.00025
    maximize: False
    weight_decay: 0.003
)
<torch.optim.lr_scheduler.StepLR object at 0x000001F698AEB010>
256",8.96465015411377,8.774847030639648,8.73754596710205,8.713824272155762,8.69945240020752,8.619200706481934,8.60317325592041,8.591336250305176,8.58376407623291,8.576580047607422,8.921355247497559,8.871443748474121,8.857751846313477,8.882104873657227,8.843188285827637,8.814223289489746,8.812170028686523,8.815590858459473,8.819759368896484,8.820810317993164
103966099553048,"Linear(in_features=90, out_features=128, bias=True)
ReLU()
Linear(in_features=128, out_features=128, bias=True)
ReLU()
Linear(in_features=128, out_features=1, bias=True)
Adam (
Parameter Group 0
    amsgrad: False
    betas: (0.9, 0.999)
    capturable: False
    eps: 1e-08
    foreach: None
    initial_lr: 0.001
    lr: 0.00030250000000000003
    maximize: False
    weight_decay: 0.0032
)
<torch.optim.lr_scheduler.StepLR object at 0x000001F642132E30>
256",8.966119766235352,8.777318954467773,8.740579605102539,8.71998119354248,8.705820083618164,8.637192726135254,8.623153686523438,8.612717628479004,8.605027198791504,8.597146987915039,8.927999496459961,8.873664855957031,8.859437942504883,8.88821029663086,8.844633102416992,8.82737922668457,8.824604034423828,8.823864936828613,8.83655834197998,8.82657527923584
103996563297324,"Linear(in_features=90, out_features=128, bias=True)
ReLU()
Linear(in_features=128, out_features=128, bias=True)
ReLU()
Linear(in_features=128, out_features=1, bias=True)
Adam (
Parameter Group 0
    amsgrad: False
    betas: (0.9, 0.999)
    capturable: False
    eps: 1e-08
    foreach: None
    initial_lr: 0.001
    lr: 0.0006
    maximize: False
    weight_decay: 0.0028
)
<torch.optim.lr_scheduler.StepLR object at 0x000001F644906560>
256",8.962586402893066,8.768877029418945,8.729519844055176,8.7081937789917,8.693522453308105,8.682821273803711,8.622333526611328,8.604365348815918,8.598966598510742,8.591039657592773,8.914857864379883,8.874933242797852,8.856111526489258,8.880187034606934,8.834680557250977,8.839451789855957,8.812040328979492,8.816690444946289,8.833296775817871,8.809795379638672
104022976330945,"Linear(in_features=90, out_features=128, bias=True)
ReLU()
Linear(in_features=128, out_features=128, bias=True)
ReLU()
Linear(in_features=128, out_features=1, bias=True)
Adam (
Parameter Group 0
    amsgrad: False
    betas: (0.9, 0.999)
    capturable: False
    eps: 1e-08
    foreach: None
    initial_lr: 0.001
    lr: 0.0006
    maximize: False
    weight_decay: 0.0025
)
<torch.optim.lr_scheduler.StepLR object at 0x000001F6A693F7C0>
256",8.96010684967041,8.76150131225586,8.723544120788574,8.697359085083008,8.682947158813477,8.668196678161621,8.661355018615723,8.600020408630371,8.585736274719238,8.57582950592041,8.909103393554688,8.873406410217285,8.85993766784668,8.880824089050293,8.835247039794922,8.84096908569336,8.848522186279297,8.80946159362793,8.841399192810059,8.821310997009277
103974470669877,"Linear(in_features=90, out_features=128, bias=True)
ReLU()
Linear(in_features=128, out_features=128, bias=True)
ReLU()
Linear(in_features=128, out_features=1, bias=True)
Adam (
Parameter Group 0
    amsgrad: False
    betas: (0.9, 0.999)
    capturable: False
    eps: 1e-08
    foreach: None
    initial_lr: 0.0012
    lr: 0.00043199999999999993
    maximize: False
    weight_decay: 0.0025
)
<torch.optim.lr_scheduler.StepLR object at 0x000001F69AF57FD0>
256",8.956680297851562,8.776423454284668,8.737495422363281,8.713944435119629,8.70340633392334,8.634110450744629,8.621886253356934,8.60923957824707,8.60437297821045,8.597415924072266,8.915604591369629,8.879754066467285,8.868461608886719,8.890393257141113,8.84970474243164,8.824254035949707,8.820331573486328,8.817418098449707,8.838163375854492,8.817541122436523
103996566960328,"Linear(in_features=90, out_features=128, bias=True)
ReLU()
Linear(in_features=128, out_features=128, bias=True)
ReLU()
Linear(in_features=128, out_features=1, bias=True)
Adam (
Parameter Group 0
    amsgrad: False
    betas: (0.9, 0.999)
    capturable: False
    eps: 1e-08
    foreach: None
    initial_lr: 0.0012
    lr: 0.00043199999999999993
    maximize: False
    weight_decay: 0.0025
)
<torch.optim.lr_scheduler.StepLR object at 0x000001F64498EB30>
256",8.956680297851562,8.776423454284668,8.737495422363281,8.713944435119629,8.70340633392334,8.634110450744629,8.621886253356934,8.60923957824707,8.60437297821045,8.597415924072266,8.915604591369629,8.879754066467285,8.868461608886719,8.890393257141113,8.84970474243164,8.824254035949707,8.820331573486328,8.817418098449707,8.838163375854492,8.817541122436523
103997786863030,"Linear(in_features=90, out_features=128, bias=True)
ReLU()
Linear(in_features=128, out_features=128, bias=True)
ReLU()
Linear(in_features=128, out_features=1, bias=True)
Adam (
Parameter Group 0
    amsgrad: False
    betas: (0.9, 0.999)
    capturable: False
    eps: 1e-08
    foreach: None
    initial_lr: 0.0012
    lr: 0.00043199999999999993
    maximize: False
    weight_decay: 0.002
)
<torch.optim.lr_scheduler.StepLR object at 0x000001F6448D2080>
256",8.950520515441895,8.760519981384277,8.721356391906738,8.694777488708496,8.681066513061523,8.607614517211914,8.59281063079834,8.578202247619629,8.570829391479492,8.561164855957031,8.917691230773926,8.874371528625488,8.862741470336914,8.886921882629395,8.838395118713379,8.816289901733398,8.815715789794922,8.821039199829102,8.852754592895508,8.818256378173828
104078676656736,"Linear(in_features=90, out_features=128, bias=True)
ReLU()
Linear(in_features=128, out_features=128, bias=True)
ReLU()
Linear(in_features=128, out_features=1, bias=True)
Adam (
Parameter Group 0
    amsgrad: False
    betas: (0.9, 0.999)
    capturable: False
    eps: 1e-08
    foreach: None
    initial_lr: 0.0012
    lr: 0.00043199999999999993
    maximize: False
    weight_decay: 0.0028
)
<torch.optim.lr_scheduler.StepLR object at 0x000001F6421321D0>
256",8.95970630645752,8.78310775756836,8.749640464782715,8.728663444519043,8.711874961853027,8.647859573364258,8.634202003479004,8.62275505065918,8.618963241577148,8.612075805664062,8.912922859191895,8.886248588562012,8.868499755859375,8.897847175598145,8.849324226379395,8.825357437133789,8.82754135131836,8.825108528137207,8.833312034606934,8.818327903747559
104053414100019,"Linear(in_features=90, out_features=128, bias=True)
ReLU()
Linear(in_features=128, out_features=128, bias=True)
ReLU()
Linear(in_features=128, out_features=1, bias=True)
Adam (
Parameter Group 0
    amsgrad: False
    betas: (0.9, 0.999)
    capturable: False
    eps: 1e-08
    foreach: None
    initial_lr: 0.0001
    lr: 0.0001
    maximize: False
    weight_decay: 0.0028
)
<torch.optim.lr_scheduler.StepLR object at 0x000001F732460A60>
256",9.416714668273926,8.949640274047852,8.820918083190918,8.747777938842773,8.697795867919922,8.661605834960938,8.633017539978027,8.609387397766113,8.587815284729004,8.567228317260742,9.086338996887207,8.97008991241455,8.894838333129883,8.869922637939453,8.838422775268555,8.823508262634277,8.807429313659668,8.803293228149414,8.802417755126953,8.802550315856934
104021036786186,"Linear(in_features=90, out_features=128, bias=True)
ReLU()
Linear(in_features=128, out_features=128, bias=True)
ReLU()
Linear(in_features=128, out_features=1, bias=True)
Adam (
Parameter Group 0
    amsgrad: False
    betas: (0.9, 0.999)
    capturable: False
    eps: 1e-08
    foreach: None
    initial_lr: 0.0012
    lr: 0.00043199999999999993
    maximize: False
    weight_decay: 0.0028
)
<torch.optim.lr_scheduler.StepLR object at 0x000001F69AEA0EB0>
256",8.95970630645752,8.78310775756836,8.749640464782715,8.728663444519043,8.711874961853027,8.647859573364258,8.634202003479004,8.62275505065918,8.618963241577148,8.612075805664062,8.912922859191895,8.886248588562012,8.868499755859375,8.897847175598145,8.849324226379395,8.825357437133789,8.82754135131836,8.825108528137207,8.833312034606934,8.818327903747559
104102329416822,"Linear(in_features=90, out_features=128, bias=True)
ReLU()
Linear(in_features=128, out_features=128, bias=True)
ReLU()
Linear(in_features=128, out_features=1, bias=True)
Adam (
Parameter Group 0
    amsgrad: False
    betas: (0.9, 0.999)
    capturable: False
    eps: 1e-08
    foreach: None
    initial_lr: 0.0012
    lr: 0.000675
    maximize: False
    weight_decay: 0.003
)
<torch.optim.lr_scheduler.StepLR object at 0x000001F7323E2F20>
256",8.96375560760498,8.789627075195312,8.755770683288574,8.73443603515625,8.6873779296875,8.67319393157959,8.66573715209961,8.657781600952148,8.626443862915039,8.61648941040039,8.920226097106934,8.897826194763184,8.86892318725586,8.889527320861816,8.827075958251953,8.83120059967041,8.84540843963623,8.848799705505371,8.843705177307129,8.826105117797852
104020857931923,"Linear(in_features=90, out_features=128, bias=True)
Dropout(p=0.1, inplace=False)
ReLU()
Linear(in_features=128, out_features=128, bias=True)
ReLU()
Linear(in_features=128, out_features=1, bias=True)
Adam (
Parameter Group 0
    amsgrad: False
    betas: (0.9, 0.999)
    capturable: False
    eps: 1e-08
    foreach: None
    initial_lr: 0.0012
    lr: 0.000972
    maximize: False
    weight_decay: 0.003
)
<torch.optim.lr_scheduler.StepLR object at 0x000001F69618F580>
256",9.001396179199219,8.832695960998535,8.805072784423828,8.791077613830566,8.779585838317871,8.764599800109863,8.75714111328125,8.7550048828125,8.751935958862305,8.747713088989258,8.937155723571777,8.92669677734375,8.91264533996582,8.924988746643066,8.895496368408203,8.881799697875977,8.887544631958008,8.891833305358887,8.923123359680176,8.904533386230469
104018519437472,"Linear(in_features=90, out_features=128, bias=True)
ReLU()
Linear(in_features=128, out_features=128, bias=True)
ReLU()
Linear(in_features=128, out_features=1, bias=True)
Adam (
Parameter Group 0
    amsgrad: False
    betas: (0.9, 0.999)
    capturable: False
    eps: 1e-08
    foreach: None
    initial_lr: 0.0012
    lr: 0.000675
    maximize: False
    weight_decay: 0.0028
)
<torch.optim.lr_scheduler.StepLR object at 0x000001F69609C400>
256",8.95970630645752,8.78310775756836,8.749640464782715,8.728663444519043,8.67937183380127,8.663533210754395,8.659375190734863,8.648214340209961,8.614646911621094,8.60633373260498,8.912922859191895,8.886248588562012,8.868499755859375,8.897847175598145,8.833794593811035,8.836448669433594,8.846150398254395,8.842256546020508,8.844558715820312,8.813118934631348
103951253495682,"Linear(in_features=90, out_features=128, bias=True)
ReLU()
Linear(in_features=128, out_features=128, bias=True)
ReLU()
Linear(in_features=128, out_features=1, bias=True)
Adam (
Parameter Group 0
    amsgrad: False
    betas: (0.9, 0.999)
    capturable: False
    eps: 1e-08
    foreach: None
    initial_lr: 0.0012
    lr: 0.000675
    maximize: False
    weight_decay: 0.0032
)
<torch.optim.lr_scheduler.StepLR object at 0x000001F64498F340>
256",8.966876983642578,8.793612480163574,8.760997772216797,8.741000175476074,8.694125175476074,8.680805206298828,8.673371315002441,8.667712211608887,8.635819435119629,8.626404762268066,8.925333976745605,8.897298812866211,8.879925727844238,8.888870239257812,8.84924030303955,8.841662406921387,8.83984661102295,8.840047836303711,8.835214614868164,8.82547378540039
104019265795817,"Linear(in_features=90, out_features=128, bias=True)
ReLU()
Linear(in_features=128, out_features=128, bias=True)
ReLU()
Linear(in_features=128, out_features=1, bias=True)
Adam (
Parameter Group 0
    amsgrad: False
    betas: (0.9, 0.999)
    capturable: False
    eps: 1e-08
    foreach: None
    initial_lr: 0.0017
    lr: 0.0009562499999999999
    maximize: False
    weight_decay: 0.0032
)
<torch.optim.lr_scheduler.StepLR object at 0x000001F69655C580>
256",8.97594928741455,8.82722282409668,8.798572540283203,8.779956817626953,8.73925495147705,8.73067569732666,8.726083755493164,8.72048282623291,8.690533638000488,8.681687355041504,8.940028190612793,8.916080474853516,8.892739295959473,8.906564712524414,8.8623628616333,8.85964298248291,8.873739242553711,8.878545761108398,8.858776092529297,8.850948333740234
103974454303809,"Linear(in_features=90, out_features=128, bias=True)
ReLU()
Linear(in_features=128, out_features=128, bias=True)
ReLU()
Linear(in_features=128, out_features=1, bias=True)
Adam (
Parameter Group 0
    amsgrad: False
    betas: (0.9, 0.999)
    capturable: False
    eps: 1e-08
    foreach: None
    initial_lr: 0.0015
    lr: 0.0008437500000000001
    maximize: False
    weight_decay: 0.0028
)
<torch.optim.lr_scheduler.StepLR object at 0x000001F69AEA1840>
256",8.963723182678223,8.801223754882812,8.770340919494629,8.754093170166016,8.709811210632324,8.695476531982422,8.689183235168457,8.683608055114746,8.649113655090332,8.63939094543457,8.924288749694824,8.884218215942383,8.882637977600098,8.888317108154297,8.838179588317871,8.847919464111328,8.83891487121582,8.854127883911133,8.837313652038574,8.831899642944336
103962953270416,"Linear(in_features=90, out_features=128, bias=True)
ReLU()
Linear(in_features=128, out_features=128, bias=True)
ReLU()
Linear(in_features=128, out_features=1, bias=True)
Adam (
Parameter Group 0
    amsgrad: False
    betas: (0.9, 0.999)
    capturable: False
    eps: 1e-08
    foreach: None
    initial_lr: 0.001
    lr: 0.0005625000000000001
    maximize: False
    weight_decay: 0.0028
)
<torch.optim.lr_scheduler.StepLR object at 0x000001F66FFE1060>
256",8.962586402893066,8.768877029418945,8.729519844055176,8.7081937789917,8.660730361938477,8.643787384033203,8.635555267333984,8.626492500305176,8.59200668334961,8.580659866333008,8.914857864379883,8.874933242797852,8.856111526489258,8.880187034606934,8.829132080078125,8.821646690368652,8.82400131225586,8.819043159484863,8.833714485168457,8.807832717895508
104022718350841,"Linear(in_features=90, out_features=128, bias=True)
ReLU()
Linear(in_features=128, out_features=128, bias=True)
ReLU()
Linear(in_features=128, out_features=1, bias=True)
Adam (
Parameter Group 0
    amsgrad: False
    betas: (0.9, 0.999)
    capturable: False
    eps: 1e-08
    foreach: None
    initial_lr: 0.0012
    lr: 0.000675
    maximize: False
    weight_decay: 0.0028
)
<torch.optim.lr_scheduler.StepLR object at 0x000001F69CFE8D00>
256",8.95970630645752,8.78310775756836,8.749640464782715,8.728663444519043,8.67937183380127,8.663533210754395,8.659375190734863,8.648214340209961,8.614646911621094,8.60633373260498,8.912922859191895,8.886248588562012,8.868499755859375,8.897847175598145,8.833794593811035,8.836448669433594,8.846150398254395,8.842256546020508,8.844558715820312,8.813118934631348
103963078612369,"Linear(in_features=90, out_features=128, bias=True)
ReLU()
Linear(in_features=128, out_features=128, bias=True)
ReLU()
Linear(in_features=128, out_features=1, bias=True)
Adam (
Parameter Group 0
    amsgrad: False
    betas: (0.9, 0.999)
    capturable: False
    eps: 1e-08
    foreach: None
    initial_lr: 0.0012
    lr: 0.000675
    maximize: False
    weight_decay: 0.0028
)
<torch.optim.lr_scheduler.StepLR object at 0x000001F64528BCD0>
256",8.95970630645752,8.78310775756836,8.749640464782715,8.728663444519043,8.67937183380127,8.663533210754395,8.659375190734863,8.648214340209961,8.614646911621094,8.60633373260498,8.912922859191895,8.886248588562012,8.868499755859375,8.897847175598145,8.833794593811035,8.836448669433594,8.846150398254395,8.842256546020508,8.844558715820312,8.813118934631348
68958280221687,"Linear(in_features=90, out_features=128, bias=True)
ReLU()
Linear(in_features=128, out_features=128, bias=True)
ReLU()
Linear(in_features=128, out_features=1, bias=True)
Adam (
Parameter Group 0
    amsgrad: False
    betas: (0.9, 0.999)
    capturable: False
    eps: 1e-08
    foreach: None
    initial_lr: 0.0012
    lr: 0.000675
    maximize: False
    weight_decay: 0.0028
)
<torch.optim.lr_scheduler.StepLR object at 0x0000014D30AA7490>
256",8.95970630645752,8.78310775756836,8.749640464782715,8.728663444519043,8.67937183380127,8.663533210754395,8.659375190734863,8.648214340209961,8.614646911621094,8.60633373260498,8.912922859191895,8.886248588562012,8.868499755859375,8.897847175598145,8.833794593811035,8.836448669433594,8.846150398254395,8.842256546020508,8.844558715820312,8.813118934631348
68958251292692,"Linear(in_features=90, out_features=128, bias=True)
ReLU()
Linear(in_features=128, out_features=128, bias=True)
ReLU()
Linear(in_features=128, out_features=1, bias=True)
Adam (
Parameter Group 0
    amsgrad: False
    betas: (0.9, 0.999)
    capturable: False
    eps: 1e-08
    foreach: None
    initial_lr: 0.0012
    lr: 0.000675
    maximize: False
    weight_decay: 0.0028
)
<torch.optim.lr_scheduler.StepLR object at 0x0000014D3094AE00>
256",8.95970630645752,8.78310775756836,8.749640464782715,8.728663444519043,8.67937183380127,8.663533210754395,8.659375190734863,8.648214340209961,8.614646911621094,8.60633373260498,8.912922859191895,8.886248588562012,8.868499755859375,8.897847175598145,8.833794593811035,8.836448669433594,8.846150398254395,8.842256546020508,8.844558715820312,8.813118934631348
68995235077348,"Linear(in_features=90, out_features=128, bias=True)
ReLU()
Linear(in_features=128, out_features=128, bias=True)
ReLU()
Linear(in_features=128, out_features=1, bias=True)
Adam (
Parameter Group 0
    amsgrad: False
    betas: (0.9, 0.999)
    capturable: False
    eps: 1e-08
    foreach: None
    initial_lr: 0.0012
    lr: 0.000675
    maximize: False
    weight_decay: 0.003
)
<torch.optim.lr_scheduler.StepLR object at 0x0000014D5E643D00>
256",8.96375560760498,8.789627075195312,8.755770683288574,8.73443603515625,8.6873779296875,8.67319393157959,8.66573715209961,8.657781600952148,8.626443862915039,8.61648941040039,8.920226097106934,8.897826194763184,8.86892318725586,8.889527320861816,8.827075958251953,8.83120059967041,8.84540843963623,8.848799705505371,8.843705177307129,8.826105117797852
69042371428651,"Linear(in_features=90, out_features=128, bias=True)
ReLU()
Linear(in_features=128, out_features=128, bias=True)
ReLU()
Linear(in_features=128, out_features=1, bias=True)
Adam (
Parameter Group 0
    amsgrad: False
    betas: (0.9, 0.999)
    capturable: False
    eps: 1e-08
    foreach: None
    initial_lr: 0.0012
    lr: 0.000675
    maximize: False
    weight_decay: 0.003
)
<torch.optim.lr_scheduler.StepLR object at 0x0000014D9D9AF310>
256",8.964815139770508,8.791040420532227,8.755261421203613,8.734920501708984,8.691649436950684,8.675329208374023,8.666640281677246,8.662256240844727,8.62872314453125,8.620651245117188,8.934647560119629,8.916476249694824,8.894648551940918,8.908702850341797,8.832690238952637,8.82132339477539,8.830198287963867,8.88199520111084,8.837749481201172,8.828680992126465
115628709915571,"Linear(in_features=90, out_features=128, bias=True)
ReLU()
Linear(in_features=128, out_features=128, bias=True)
ReLU()
Linear(in_features=128, out_features=1, bias=True)
Adam (
Parameter Group 0
    amsgrad: False
    betas: (0.9, 0.999)
    capturable: False
    eps: 1e-08
    foreach: None
    initial_lr: 0.0012
    lr: 0.000675
    maximize: False
    weight_decay: 0.003
)
<torch.optim.lr_scheduler.StepLR object at 0x0000022EB0CC5420>
256",8.964815139770508,8.791040420532227,8.755261421203613,8.734920501708984,8.691649436950684,8.675329208374023,8.666640281677246,8.662256240844727,8.62872314453125,8.620651245117188,8.934647560119629,8.916476249694824,8.894648551940918,8.908702850341797,8.832690238952637,8.82132339477539,8.830198287963867,8.88199520111084,8.837749481201172,8.828680992126465
